"Recipient","Donor","Followup","Run","RunRecipient","RunDonor"
"Recipient1","Donor1","FollowUp1",15,15,15
"Recipient2","Donor2","FollowUp2",12,12,12
"Recipient3","Donor3","FollowUp3",8,8,8
"Recipient4","Donor4","FollowUp4",9,9,9
"Recipient5","Donor5","FollowUp5",12,12,12
"Recipient6","Donor6","FollowUp6",11,11,11
"Recipient7","Donor7","FollowUp7",10,10,10
"Recipient7","Donor7","FollowUp8",12,10,10
"Recipient7","Donor7","FollowUp9",15,10,10
"Recipient8","Donor8","FollowUp10",13,13,13
"Recipient9","Donor9","FollowUp11",13,13,13
"Recipient9","Donor9","FollowUp12",14,13,13
"Recipient9","Donor9","FollowUp13",14,13,13
"Recipient10","Donor10","FollowUp14",10,10,10
"Recipient11","Donor11","FollowUp15",8,8,8
"Recipient12","Donor12","FollowUp16",13,13,13
"Recipient13","Donor13","FollowUp17",13,13,13
"Recipient14","Donor14","FollowUp18",13,13,13
"Recipient15","Donor15","FollowUp19",13,13,13
"Recipient16","Donor16","FollowUp20",10,10,10
"Recipient17","Donor17","FollowUp21",10,10,10
"Recipient18","Donor18","FollowUp22",11,11,11
"Recipient19","Donor19","FollowUp23",13,13,13
"Recipient20","Donor20","FollowUp24",15,15,15
"Recipient21","Donor21","FollowUp25",12,12,12
"Recipient22","Donor22","FollowUp26",15,15,15
"Recipient23","Donor23","FollowUp27",8,8,8
"Recipient24","Donor24","FollowUp28",9,9,9
"Recipient25","Donor25","FollowUp29",10,10,10
"Recipient25","Donor25","FollowUp30",14,10,10
"Recipient26","Donor26","FollowUp31",10,10,10
"Recipient27","Donor27","FollowUp32",9,9,9
"Recipient28","Donor28","FollowUp33",13,13,13
"Recipient29","Donor29","FollowUp34",7,7,7
"Recipient29","Donor29","FollowUp35",14,7,7
"Recipient30","Donor30","FollowUp36",8,8,8
"Recipient31","Donor31","FollowUp37",8,8,8
"Recipient31","Donor31","FollowUp38",15,8,8
"Recipient32","Donor32","FollowUp39",10,10,10
"Recipient33","Donor33","FollowUp40",15,15,15
"Recipient34","Donor34","FollowUp41",11,11,11
"Recipient35","Donor35","FollowUp42",11,11,11
"Recipient36","Donor36","FollowUp43",9,9,9
"Recipient37","Donor37","FollowUp44",13,13,13
"Recipient37","Donor37","FollowUp45",15,13,13
"Recipient38","Donor38","FollowUp46",8,8,8
"Recipient39","Donor39","FollowUp47",10,10,10
"Recipient40","Donor40","FollowUp48",8,8,8
"Recipient41","Donor41","FollowUp49",7,7,7
"Recipient41","Donor41","FollowUp50",8,7,7
"Recipient41","Donor41","FollowUp51",11,7,7
"Recipient41","Donor41","FollowUp52",12,7,7
"Recipient41","Donor41","FollowUp53",14,7,7
"Recipient42","Donor42","FollowUp54",11,11,11
"Recipient43","Donor43","FollowUp55",10,10,10
"Recipient43","Donor43","FollowUp56",15,10,10
"Recipient44","Donor44","FollowUp57",13,13,13
"Recipient45","Donor45","FollowUp58",15,15,15
"Recipient46","Donor46","FollowUp59",7,7,7
"Recipient47","Donor47","FollowUp60",9,9,9
"Recipient48","Donor48","FollowUp61",10,10,10
"Recipient49","Donor49","FollowUp62",11,11,11
"Recipient50","Donor50","FollowUp63",12,12,12
"Recipient51","Donor51","FollowUp64",7,7,7
"Recipient51","Donor51","FollowUp65",13,7,7
"Recipient52","Donor52","FollowUp66",9,9,9
"Recipient52","Donor52","FollowUp67",15,9,9
"Recipient53","Donor53","FollowUp68",9,9,9
"Recipient53","Donor53","FollowUp69",15,9,9
"Recipient54","Donor54","FollowUp70",11,11,11
"Recipient54","Donor54","FollowUp71",15,11,11
"Recipient55","Donor55","FollowUp72",9,9,9
"Recipient56","Donor56","FollowUp73",7,9,7
"Recipient57","Donor57","FollowUp74",10,10,10
"Recipient57","Donor57","FollowUp75",11,10,10
"Recipient57","Donor57","FollowUp76",13,10,10
"Recipient58","Donor58","FollowUp77",11,11,11
"Recipient59","Donor59","FollowUp78",12,12,12
"Recipient59","Donor59","FollowUp79",15,12,12
"Recipient60","Donor60","FollowUp80",11,11,11
"Recipient61","Donor61","FollowUp81",11,11,11
"Recipient62","Donor62","FollowUp82",12,12,12
"Recipient62","Donor62","FollowUp83",13,13,13
"Recipient63","Donor63","FollowUp84",12,12,12
"Recipient64","Donor64","FollowUp85",8,8,8
"Recipient65","Donor65","FollowUp86",13,13,13
"Recipient66","Donor66","FollowUp87",13,13,13
"Recipient67","Donor67","FollowUp88",12,12,12
"Recipient68","Donor68","FollowUp89",7,7,7
"Recipient68","Donor68","FollowUp90",10,7,7
"Recipient68","Donor68","FollowUp91",13,7,7
"Recipient69","Donor69","FollowUp92",9,9,9
"Recipient69","Donor69","FollowUp93",11,9,9
"Recipient69","Donor69","FollowUp94",13,9,9
"Recipient69","Donor69","FollowUp95",15,9,9
"Recipient70","Donor70","FollowUp96",13,13,13
"Recipient71","Donor71","FollowUp97",14,12,12
"Recipient72","Donor72","FollowUp98",13,13,13
