"run","filename"
"10","Recipient7RO.txt"
"10","Donor7RD.txt"
"10","Recipient10RO.txt"
"10","Donor10RD.txt"
"10","Recipient16RO.txt"
"10","Donor16RD.txt"
"10","Recipient17RO.txt"
"10","Donor17RD.txt"
"10","Recipient25RO.txt"
"10","Donor25RD.txt"
"10","Recipient26RO.txt"
"10","Donor26RD.txt"
"10","Recipient32RO.txt"
"10","Donor32RD.txt"
"10","Donor39RD.txt"
"10","Recipient39RO.txt"
"10","Recipient43RO.txt"
"10","Donor43RD.txt"
"10","Donor48RD.txt"
"10","Recipient48RO.txt"
"10","Donor57RD.txt"
"10","Recipient57RO.txt"
"11","Donor6RD.txt"
"11","Recipient6RO.txt"
"11","Recipient18RO.txt"
"11","Donor18RD.txt"
"11","Recipient34RO.txt"
"11","Donor34RD.txt"
"11","Recipient35RO.txt"
"11","Donor35RD.txt"
"11","Recipient42RO.txt"
"11","Donor42RD.txt"
"11","Donor49RD.txt"
"11","Recipient49RO.txt"
"11","Recipient54RO.txt"
"11","Donor54RD.txt"
"11","Donor61RD.txt"
"11","Donor58RD.txt"
"11","Recipient58RO.txt"
"11","Recipient60RO.txt"
"11","Donor60RD.txt"
"11","Recipient61RO.txt"
"12","Recipient2RO.txt"
"12","Donor2RD.txt"
"12","Recipient5RO.txt"
"12","Donor5RD.txt"
"12","Donor9RD.txt"
"12","Recipient21RO.txt"
"12","Donor21RD.txt"
"12","Donor50RD.txt"
"12","Recipient50RO.txt"
"12","Donor63RD.txt"
"12","Donor59RD.txt"
"12","Recipient59RO.txt"
"12","Recipient62RO.txt"
"12","Donor67RD.txt"
"12","Donor62RD.txt"
"12","Recipient63RO.txt"
"12","Recipient67RO.txt"
"12","Donor71RD.txt"
"12","Recipient71RO.txt"
"12","Donor72RD.txt"
"12","Recipient72RO.txt"
"13","Recipient8RO.txt"
"13","Donor8RD.txt"
"13","Recipient9RO.txt"
"13","Recipient12RO.txt"
"13","Donor12RD.txt"
"13","Recipient13RO.txt"
"13","Donor13RD.txt"
"13","Recipient14RO.txt"
"13","Donor14RD.txt"
"13","Recipient15RO.txt"
"13","Donor15RD.txt"
"13","Recipient19RO.txt"
"13","Donor19RD.txt"
"13","Recipient28RO.txt"
"13","Donor28RD.txt"
"13","Donor37RD.txt"
"13","Recipient37RO.txt"
"13","Recipient44RO.txt"
"13","Donor44RD.txt"
"13","Recipient62RO.txt"
"13","Donor62RD.txt"
"13","Donor66RD.txt"
"13","Donor65RD.txt"
"13","Recipient65RO.txt"
"13","Recipient66RO.txt"
"13","Donor70RD.txt"
"13","Recipient70RO.txt"
"13","Donor72RD.txt"
"13","Recipient72RO.txt"
"15","Recipient1RO.txt"
"15","Donor1RD.txt"
"15","Recipient20RO.txt"
"15","Donor20RD.txt"
"15","Recipient22RO.txt"
"15","Donor22RD.txt"
"15","Recipient33RO.txt"
"15","Donor33RD.txt"
"15","Donor45RD.txt"
"15","Recipient45RO.txt"
"7","Recipient29RO.txt"
"7","Donor29RD.txt"
"7","Recipient41RO.txt"
"7","Recipient46RO.txt"
"7","Recipient51RO.txt"
"7","Donor51RD.txt"
"7","Donor56RD.txt"
"7","Donor41RD.txt"
"7","Donor46RD.txt"
"7","Recipient56RO.txt"
"7","Donor68RD.txt"
"7","Recipient68RO.txt"
"8","Recipient3RO.txt"
"8","Donor3RD.txt"
"8","Recipient11RO.txt"
"8","Donor11RD.txt"
"8","Recipient23RO.txt"
"8","Donor23RD.txt"
"8","Recipient30RO.txt"
"8","Recipient31RO.txt"
"8","Donor31RD.txt"
"8","Donor30RD.txt"
"8","Recipient38RO.txt"
"8","Donor38RD.txt"
"8","Donor40RD.txt"
"8","Recipient40RO.txt"
"8","Donor64RD.txt"
"8","Recipient64RO.txt"
"9","Recipient4RO.txt"
"9","Donor4RD.txt"
"9","Recipient24RO.txt"
"9","Donor24RD.txt"
"9","Recipient27RO.txt"
"9","Donor27RD.txt"
"9","Recipient36RO.txt"
"9","Donor36RD.txt"
"9","Recipient47RO.txt"
"9","Donor47RD.txt"
"9","Donor52RD.txt"
"9","Donor53RD.txt"
"9","Recipient52RO.txt"
"9","Donor55RD.txt"
"9","Recipient53RO.txt"
"9","Recipient55RO.txt"
"9","Donor69RD.txt"
"9","Recipient69RO.txt"
